name,phone,Email
"
", , , , , , , , ,c,o,n,s,t, ,r,e,a,l,t,o,r,s, ,=, ,[,"
", , , , , , , , , , , , ,{,n,a,m,e,:, ,"""",J,o,h,n, ,S,m,i,t,h,"""",",", ,p,h,o,n,e,:, ,"""",(,5,5,5,), ,1,2,3,-,4,5,6,7,"""",",", ,s,p,e,c,i,a,l,i,z,a,t,i,o,n,:, ,"""",R,e,s,i,d,e,n,t,i,a,l,"""",",", ,e,x,p,e,r,i,e,n,c,e,:, ,1,5,},",","
", , , , , , , , , , , , ,{,n,a,m,e,:, ,"""",J,o,h,n, ,S,m,i,t,h,"""",",", ,p,h,o,n,e,:, ,"""",(,5,5,5,), ,1,2,3,-,4,5,6,7,"""",",", ,s,p,e,c,i,a,l,i,z,a,t,i,o,n,:, ,"""",C,o,m,m,e,r,c,i,a,l,"""",",", ,e,x,p,e,r,i,e,n,c,e,:, ,1,7,},",","
", , , , , , , , , , , , ,{,n,a,m,e,:, ,"""",E,m,m,a, ,J,o,h,n,s,o,n,"""",",", ,p,h,o,n,e,:, ,"""",(,5,5,5,), ,2,3,4,-,5,6,7,8,"""",",", ,s,p,e,c,i,a,l,i,z,a,t,i,o,n,:, ,"""",C,o,m,m,e,r,c,i,a,l,"""",",", ,e,x,p,e,r,i,e,n,c,e,:, ,8,},",","
", , , , , , , , , , , , ,{,n,a,m,e,:, ,"""",M,i,c,h,a,e,l, ,B,r,o,w,n,"""",",", ,p,h,o,n,e,:, ,"""",(,5,5,5,), ,3,4,5,-,6,7,8,9,"""",",", ,s,p,e,c,i,a,l,i,z,a,t,i,o,n,:, ,"""",L,u,x,u,r,y, ,H,o,m,e,s,"""",",", ,e,x,p,e,r,i,e,n,c,e,:, ,2,0,},",","
", , , , , , , , , , , , ,{,n,a,m,e,:, ,"""",S,o,p,h,i,a, ,D,a,v,i,s,"""",",", ,p,h,o,n,e,:, ,"""",(,5,5,5,), ,4,5,6,-,7,8,9,0,"""",",", ,s,p,e,c,i,a,l,i,z,a,t,i,o,n,:, ,"""",F,i,r,s,t,-,T,i,m,e, ,B,u,y,e,r,s,"""",",", ,e,x,p,e,r,i,e,n,c,e,:, ,5,},",","
", , , , , , , , , , , , ,{,n,a,m,e,:, ,"""",W,i,l,l,i,a,m, ,W,i,l,s,o,n,"""",",", ,p,h,o,n,e,:, ,"""",(,5,5,5,), ,5,6,7,-,8,9,0,1,"""",",", ,s,p,e,c,i,a,l,i,z,a,t,i,o,n,:, ,"""",I,n,v,e,s,t,m,e,n,t, ,P,r,o,p,e,r,t,i,e,s,"""",",", ,e,x,p,e,r,i,e,n,c,e,:, ,1,2,},",","
", , , , , , , , , , , , ,{,n,a,m,e,:, ,"""",O,l,i,v,i,a, ,M,a,r,t,i,n,e,z,"""",",", ,p,h,o,n,e,:, ,"""",(,5,5,5,), ,6,7,8,-,9,0,1,2,"""",",", ,s,p,e,c,i,a,l,i,z,a,t,i,o,n,:, ,"""",V,a,c,a,t,i,o,n, ,R,e,n,t,a,l,s,"""",",", ,e,x,p,e,r,i,e,n,c,e,:, ,7,},",","
", , , , , , , , , , , , ,{,n,a,m,e,:, ,"""",J,a,m,e,s, ,T,a,y,l,o,r,"""",",", ,p,h,o,n,e,:, ,"""",(,5,5,5,), ,7,8,9,-,0,1,2,3,"""",",", ,s,p,e,c,i,a,l,i,z,a,t,i,o,n,:, ,"""",C,o,n,d,o,s,"""",",", ,e,x,p,e,r,i,e,n,c,e,:, ,1,0,},",","
", , , , , , , , , , , , ,{,n,a,m,e,:, ,"""",A,v,a, ,A,n,d,e,r,s,o,n,"""",",", ,p,h,o,n,e,:, ,"""",(,5,5,5,), ,8,9,0,-,1,2,3,4,"""",",", ,s,p,e,c,i,a,l,i,z,a,t,i,o,n,:, ,"""",F,o,r,e,c,l,o,s,u,r,e,s,"""",",", ,e,x,p,e,r,i,e,n,c,e,:, ,6,},",","
", , , , , , , , , , , , ,{,n,a,m,e,:, ,"""",B,e,n,j,a,m,i,n, ,T,h,o,m,a,s,"""",",", ,p,h,o,n,e,:, ,"""",(,5,5,5,), ,9,0,1,-,2,3,4,5,"""",",", ,s,p,e,c,i,a,l,i,z,a,t,i,o,n,:, ,"""",N,e,w, ,C,o,n,s,t,r,u,c,t,i,o,n,"""",",", ,e,x,p,e,r,i,e,n,c,e,:, ,9,},",","
", , , , , , , , , , , , ,{,n,a,m,e,:, ,"""",M,i,a, ,J,a,c,k,s,o,n,"""",",", ,p,h,o,n,e,:, ,"""",(,5,5,5,), ,0,1,2,-,3,4,5,6,"""",",", ,s,p,e,c,i,a,l,i,z,a,t,i,o,n,:, ,"""",R,u,r,a,l, ,P,r,o,p,e,r,t,i,e,s,"""",",", ,e,x,p,e,r,i,e,n,c,e,:, ,1,1,},",","
", , , , , , , , , , , , ,{,n,a,m,e,:, ,"""",C,h,a,r,l,o,t,t,e, ,W,h,i,t,e,"""",",", ,p,h,o,n,e,:, ,"""",(,5,5,5,), ,9,8,7,-,6,5,4,3,"""",",", ,s,p,e,c,i,a,l,i,z,a,t,i,o,n,:, ,"""",R,e,s,i,d,e,n,t,i,a,l,"""",",", ,e,x,p,e,r,i,e,n,c,e,:, ,1,4,},",","
", , , , , , , , , , , , ,{,n,a,m,e,:, ,"""",D,a,n,i,e,l, ,H,a,r,r,i,s,"""",",", ,p,h,o,n,e,:, ,"""",(,5,5,5,), ,8,7,6,-,5,4,3,2,"""",",", ,s,p,e,c,i,a,l,i,z,a,t,i,o,n,:, ,"""",C,o,m,m,e,r,c,i,a,l,"""",",", ,e,x,p,e,r,i,e,n,c,e,:, ,1,8,},",","
", , , , , , , , , , , , ,{,n,a,m,e,:, ,"""",E,m,i,l,y, ,C,l,a,r,k,"""",",", ,p,h,o,n,e,:, ,"""",(,5,5,5,), ,7,6,5,-,4,3,2,1,"""",",", ,s,p,e,c,i,a,l,i,z,a,t,i,o,n,:, ,"""",L,u,x,u,r,y, ,H,o,m,e,s,"""",",", ,e,x,p,e,r,i,e,n,c,e,:, ,2,2,},",","
", , , , , , , , , , , , ,{,n,a,m,e,:, ,"""",A,l,e,x,a,n,d,e,r, ,L,e,w,i,s,"""",",", ,p,h,o,n,e,:, ,"""",(,5,5,5,), ,6,5,4,-,3,2,1,0,"""",",", ,s,p,e,c,i,a,l,i,z,a,t,i,o,n,:, ,"""",F,i,r,s,t,-,T,i,m,e, ,B,u,y,e,r,s,"""",",", ,e,x,p,e,r,i,e,n,c,e,:, ,4,},",","
", , , , , , , , , , , , ,{,n,a,m,e,:, ,"""",S,o,f,i,a, ,L,e,e,"""",",", ,p,h,o,n,e,:, ,"""",(,5,5,5,), ,5,4,3,-,2,1,0,9,"""",",", ,s,p,e,c,i,a,l,i,z,a,t,i,o,n,:, ,"""",I,n,v,e,s,t,m,e,n,t, ,P,r,o,p,e,r,t,i,e,s,"""",",", ,e,x,p,e,r,i,e,n,c,e,:, ,1,3,},",","
", , , , , , , , , , , , ,{,n,a,m,e,:, ,"""",M,a,t,t,h,e,w, ,W,a,l,k,e,r,"""",",", ,p,h,o,n,e,:, ,"""",(,5,5,5,), ,4,3,2,-,1,0,9,8,"""",",", ,s,p,e,c,i,a,l,i,z,a,t,i,o,n,:, ,"""",V,a,c,a,t,i,o,n, ,R,e,n,t,a,l,s,"""",",", ,e,x,p,e,r,i,e,n,c,e,:, ,9,},",","
", , , , , , , , , , , , ,{,n,a,m,e,:, ,"""",A,m,e,l,i,a, ,H,a,l,l,"""",",", ,p,h,o,n,e,:, ,"""",(,5,5,5,), ,3,2,1,-,0,9,8,7,"""",",", ,s,p,e,c,i,a,l,i,z,a,t,i,o,n,:, ,"""",C,o,n,d,o,s,"""",",", ,e,x,p,e,r,i,e,n,c,e,:, ,7,},",","
", , , , , , , , , , , , ,{,n,a,m,e,:, ,"""",J,o,s,e,p,h, ,A,l,l,e,n,"""",",", ,p,h,o,n,e,:, ,"""",(,5,5,5,), ,2,1,0,-,9,8,7,6,"""",",", ,s,p,e,c,i,a,l,i,z,a,t,i,o,n,:, ,"""",F,o,r,e,c,l,o,s,u,r,e,s,"""",",", ,e,x,p,e,r,i,e,n,c,e,:, ,1,6,},",","
", , , , , , , , , , , , ,{,n,a,m,e,:, ,"""",E,v,e,l,y,n, ,Y,o,u,n,g,"""",",", ,p,h,o,n,e,:, ,"""",(,5,5,5,), ,1,0,9,-,8,7,6,5,"""",",", ,s,p,e,c,i,a,l,i,z,a,t,i,o,n,:, ,"""",N,e,w, ,C,o,n,s,t,r,u,c,t,i,o,n,"""",",", ,e,x,p,e,r,i,e,n,c,e,:, ,8,},",","
", , , , , , , , , , , , ,{,n,a,m,e,:, ,"""",D,a,v,i,d, ,K,i,n,g,"""",",", ,p,h,o,n,e,:, ,"""",(,5,5,5,), ,0,9,8,-,7,6,5,4,"""",",", ,s,p,e,c,i,a,l,i,z,a,t,i,o,n,:, ,"""",R,u,r,a,l, ,P,r,o,p,e,r,t,i,e,s,"""",",", ,e,x,p,e,r,i,e,n,c,e,:, ,1,9,},",","
", , , , , , , , , , , , ,{,n,a,m,e,:, ,"""",H,a,r,p,e,r, ,S,c,o,t,t,"""",",", ,p,h,o,n,e,:, ,"""",(,5,5,5,), ,1,3,5,-,7,9,2,4,"""",",", ,s,p,e,c,i,a,l,i,z,a,t,i,o,n,:, ,"""",R,e,s,i,d,e,n,t,i,a,l,"""",",", ,e,x,p,e,r,i,e,n,c,e,:, ,6,},",","
", , , , , , , , , , , , ,{,n,a,m,e,:, ,"""",C,h,r,i,s,t,o,p,h,e,r, ,G,r,e,e,n,"""",",", ,p,h,o,n,e,:, ,"""",(,5,5,5,), ,2,4,6,-,8,0,3,5,"""",",", ,s,p,e,c,i,a,l,i,z,a,t,i,o,n,:, ,"""",C,o,m,m,e,r,c,i,a,l,"""",",", ,e,x,p,e,r,i,e,n,c,e,:, ,1,1,},",","
", , , , , , , , , , , , ,{,n,a,m,e,:, ,"""",A,b,i,g,a,i,l, ,B,a,k,e,r,"""",",", ,p,h,o,n,e,:, ,"""",(,5,5,5,), ,3,5,7,-,9,1,4,6,"""",",", ,s,p,e,c,i,a,l,i,z,a,t,i,o,n,:, ,"""",L,u,x,u,r,y, ,H,o,m,e,s,"""",",", ,e,x,p,e,r,i,e,n,c,e,:, ,1,7,},",","
", , , , , , , , , , , , ,{,n,a,m,e,:, ,"""",A,n,d,r,e,w, ,N,e,l,s,o,n,"""",",", ,p,h,o,n,e,:, ,"""",(,5,5,5,), ,4,6,8,-,0,2,5,7,"""",",", ,s,p,e,c,i,a,l,i,z,a,t,i,o,n,:, ,"""",F,i,r,s,t,-,T,i,m,e, ,B,u,y,e,r,s,"""",",", ,e,x,p,e,r,i,e,n,c,e,:, ,5,},",","
", , , , , , , , , , , , ,{,n,a,m,e,:, ,"""",E,l,i,z,a,b,e,t,h, ,C,a,r,t,e,r,"""",",", ,p,h,o,n,e,:, ,"""",(,5,5,5,), ,5,7,9,-,1,3,6,8,"""",",", ,s,p,e,c,i,a,l,i,z,a,t,i,o,n,:, ,"""",I,n,v,e,s,t,m,e,n,t, ,P,r,o,p,e,r,t,i,e,s,"""",",", ,e,x,p,e,r,i,e,n,c,e,:, ,1,4,},",","
", , , , , , , , , , , , ,{,n,a,m,e,:, ,"""",R,y,a,n, ,M,i,t,c,h,e,l,l,"""",",", ,p,h,o,n,e,:, ,"""",(,5,5,5,), ,6,8,0,-,2,4,7,9,"""",",", ,s,p,e,c,i,a,l,i,z,a,t,i,o,n,:, ,"""",V,a,c,a,t,i,o,n, ,R,e,n,t,a,l,s,"""",",", ,e,x,p,e,r,i,e,n,c,e,:, ,1,0,},",","
", , , , , , , , , , , , ,{,n,a,m,e,:, ,"""",S,c,a,r,l,e,t,t, ,P,e,r,e,z,"""",",", ,p,h,o,n,e,:, ,"""",(,5,5,5,), ,7,9,1,-,3,5,8,0,"""",",", ,s,p,e,c,i,a,l,i,z,a,t,i,o,n,:, ,"""",C,o,n,d,o,s,"""",",", ,e,x,p,e,r,i,e,n,c,e,:, ,8,},",","
", , , , , , , , , , , , ,{,n,a,m,e,:, ,"""",N,i,c,h,o,l,a,s, ,R,o,b,e,r,t,s,"""",",", ,p,h,o,n,e,:, ,"""",(,5,5,5,), ,8,0,2,-,4,6,9,1,"""",",", ,s,p,e,c,i,a,l,i,z,a,t,i,o,n,:, ,"""",F,o,r,e,c,l,o,s,u,r,e,s,"""",",", ,e,x,p,e,r,i,e,n,c,e,:, ,1,2,},",","
", , , , , , , , , , , , ,{,n,a,m,e,:, ,"""",G,r,a,c,e, ,T,u,r,n,e,r,"""",",", ,p,h,o,n,e,:, ,"""",(,5,5,5,), ,9,1,3,-,5,7,0,2,"""",",", ,s,p,e,c,i,a,l,i,z,a,t,i,o,n,:, ,"""",N,e,w, ,C,o,n,s,t,r,u,c,t,i,o,n,"""",",", ,e,x,p,e,r,i,e,n,c,e,:, ,7,},",","
", , , , , , , , , , , , ,{,n,a,m,e,:, ,"""",S,a,m,u,e,l, ,P,h,i,l,l,i,p,s,"""",",", ,p,h,o,n,e,:, ,"""",(,5,5,5,), ,0,2,4,-,6,8,1,3,"""",",", ,s,p,e,c,i,a,l,i,z,a,t,i,o,n,:, ,"""",R,u,r,a,l, ,P,r,o,p,e,r,t,i,e,s,"""",",", ,e,x,p,e,r,i,e,n,c,e,:, ,1,5,},",","
", , , , , , , , , , , , ,{,n,a,m,e,:, ,"""",C,h,l,o,e, ,C,a,m,p,b,e,l,l,"""",",", ,p,h,o,n,e,:, ,"""",(,5,5,5,), ,1,4,7,-,2,5,8,3,"""",",", ,s,p,e,c,i,a,l,i,z,a,t,i,o,n,:, ,"""",R,e,s,i,d,e,n,t,i,a,l,"""",",", ,e,x,p,e,r,i,e,n,c,e,:, ,9,},",","
", , , , , , , , , , , , ,{,n,a,m,e,:, ,"""",J,o,n,a,t,h,a,n, ,P,a,r,k,e,r,"""",",", ,p,h,o,n,e,:, ,"""",(,5,5,5,), ,2,5,8,-,3,6,9,4,"""",",", ,s,p,e,c,i,a,l,i,z,a,t,i,o,n,:, ,"""",C,o,m,m,e,r,c,i,a,l,"""",",", ,e,x,p,e,r,i,e,n,c,e,:, ,1,3,},",","
", , , , , , , , , , , , ,{,n,a,m,e,:, ,"""",Z,o,e,y, ,E,v,a,n,s,"""",",", ,p,h,o,n,e,:, ,"""",(,5,5,5,), ,3,6,9,-,4,7,0,5,"""",",", ,s,p,e,c,i,a,l,i,z,a,t,i,o,n,:, ,"""",L,u,x,u,r,y, ,H,o,m,e,s,"""",",", ,e,x,p,e,r,i,e,n,c,e,:, ,2,1,},",","
", , , , , , , , , , , , ,{,n,a,m,e,:, ,"""",C,h,r,i,s,t,o,p,h,e,r, ,E,d,w,a,r,d,s,"""",",", ,p,h,o,n,e,:, ,"""",(,5,5,5,), ,4,7,0,-,5,8,1,6,"""",",", ,s,p,e,c,i,a,l,i,z,a,t,i,o,n,:, ,"""",F,i,r,s,t,-,T,i,m,e, ,B,u,y,e,r,s,"""",",", ,e,x,p,e,r,i,e,n,c,e,:, ,6,},",","
", , , , , , , , , , , , ,{,n,a,m,e,:, ,"""",P,e,n,e,l,o,p,e, ,C,o,l,l,i,n,s,"""",",", ,p,h,o,n,e,:, ,"""",(,5,5,5,), ,5,8,1,-,6,9,2,7,"""",",", ,s,p,e,c,i,a,l,i,z,a,t,i,o,n,:, ,"""",I,n,v,e,s,t,m,e,n,t, ,P,r,o,p,e,r,t,i,e,s,"""",",", ,e,x,p,e,r,i,e,n,c,e,:, ,1,6,},",","
", , , , , , , , , , , , ,{,n,a,m,e,:, ,"""",T,y,l,e,r, ,S,t,e,w,a,r,t,"""",",", ,p,h,o,n,e,:, ,"""",(,5,5,5,), ,6,9,2,-,7,0,3,8,"""",",", ,s,p,e,c,i,a,l,i,z,a,t,i,o,n,:, ,"""",V,a,c,a,t,i,o,n, ,R,e,n,t,a,l,s,"""",",", ,e,x,p,e,r,i,e,n,c,e,:, ,8,},",","
", , , , , , , , , , , , ,{,n,a,m,e,:, ,"""",A,u,d,r,e,y, ,S,a,n,c,h,e,z,"""",",", ,p,h,o,n,e,:, ,"""",(,5,5,5,), ,7,0,3,-,8,1,4,9,"""",",", ,s,p,e,c,i,a,l,i,z,a,t,i,o,n,:, ,"""",C,o,n,d,o,s,"""",",", ,e,x,p,e,r,i,e,n,c,e,:, ,1,1,},",","
", , , , , , , , , , , , ,{,n,a,m,e,:, ,"""",B,r,a,n,d,o,n, ,M,o,r,r,i,s,"""",",", ,p,h,o,n,e,:, ,"""",(,5,5,5,), ,8,1,4,-,9,2,5,0,"""",",", ,s,p,e,c,i,a,l,i,z,a,t,i,o,n,:, ,"""",F,o,r,e,c,l,o,s,u,r,e,s,"""",",", ,e,x,p,e,r,i,e,n,c,e,:, ,1,4,},",","
", , , , , , , , , , , , ,{,n,a,m,e,:, ,"""",C,l,a,i,r,e, ,R,o,g,e,r,s,"""",",", ,p,h,o,n,e,:, ,"""",(,5,5,5,), ,9,2,5,-,0,3,6,1,"""",",", ,s,p,e,c,i,a,l,i,z,a,t,i,o,n,:, ,"""",N,e,w, ,C,o,n,s,t,r,u,c,t,i,o,n,"""",",", ,e,x,p,e,r,i,e,n,c,e,:, ,7,},",","
", , , , , , , , , , , , ,{,n,a,m,e,:, ,"""",N,a,t,h,a,n, ,R,e,e,d,"""",",", ,p,h,o,n,e,:, ,"""",(,5,5,5,), ,0,3,6,-,1,4,7,2,"""",",", ,s,p,e,c,i,a,l,i,z,a,t,i,o,n,:, ,"""",R,u,r,a,l, ,P,r,o,p,e,r,t,i,e,s,"""",",", ,e,x,p,e,r,i,e,n,c,e,:, ,1,8,},",","
", , , , , , , , , , , , ,{,n,a,m,e,:, ,"""",S,k,y,l,a,r, ,C,o,o,k,"""",",", ,p,h,o,n,e,:, ,"""",(,5,5,5,), ,1,5,9,-,3,5,7,2,"""",",", ,s,p,e,c,i,a,l,i,z,a,t,i,o,n,:, ,"""",R,e,s,i,d,e,n,t,i,a,l,"""",",", ,e,x,p,e,r,i,e,n,c,e,:, ,5,},",","
", , , , , , , , , , , , ,{,n,a,m,e,:, ,"""",I,s,a,a,c, ,M,o,r,g,a,n,"""",",", ,p,h,o,n,e,:, ,"""",(,5,5,5,), ,2,6,0,-,4,6,8,3,"""",",", ,s,p,e,c,i,a,l,i,z,a,t,i,o,n,:, ,"""",C,o,m,m,e,r,c,i,a,l,"""",",", ,e,x,p,e,r,i,e,n,c,e,:, ,1,2,},",","
", , , , , , , , , , , , ,{,n,a,m,e,:, ,"""",P,a,i,s,l,e,y, ,B,e,l,l,"""",",", ,p,h,o,n,e,:, ,"""",(,5,5,5,), ,3,7,1,-,5,7,9,4,"""",",", ,s,p,e,c,i,a,l,i,z,a,t,i,o,n,:, ,"""",L,u,x,u,r,y, ,H,o,m,e,s,"""",",", ,e,x,p,e,r,i,e,n,c,e,:, ,1,9,},",","
", , , , , , , , , , , , ,{,n,a,m,e,:, ,"""",L,u,k,e, ,M,u,r,p,h,y,"""",",", ,p,h,o,n,e,:, ,"""",(,5,5,5,), ,4,8,2,-,6,8,0,5,"""",",", ,s,p,e,c,i,a,l,i,z,a,t,i,o,n,:, ,"""",F,i,r,s,t,-,T,i,m,e, ,B,u,y,e,r,s,"""",",", ,e,x,p,e,r,i,e,n,c,e,:, ,4,},",","
", , , , , , , , , , , , ,{,n,a,m,e,:, ,"""",H,a,n,n,a,h, ,B,a,i,l,e,y,"""",",", ,p,h,o,n,e,:, ,"""",(,5,5,5,), ,5,9,3,-,7,9,1,6,"""",",", ,s,p,e,c,i,a,l,i,z,a,t,i,o,n,:, ,"""",I,n,v,e,s,t,m,e,n,t, ,P,r,o,p,e,r,t,i,e,s,"""",",", ,e,x,p,e,r,i,e,n,c,e,:, ,1,5,},",","
", , , , , , , , , , , , ,{,n,a,m,e,:, ,"""",O,w,e,n, ,R,i,v,e,r,a,"""",",", ,p,h,o,n,e,:, ,"""",(,5,5,5,), ,6,0,4,-,8,0,2,7,"""",",", ,s,p,e,c,i,a,l,i,z,a,t,i,o,n,:, ,"""",V,a,c,a,t,i,o,n, ,R,e,n,t,a,l,s,"""",",", ,e,x,p,e,r,i,e,n,c,e,:, ,9,},",","
", , , , , , , , , , , , ,{,n,a,m,e,:, ,"""",N,o,r,a, ,C,o,o,p,e,r,"""",",", ,p,h,o,n,e,:, ,"""",(,5,5,5,), ,7,1,5,-,9,1,3,8,"""",",", ,s,p,e,c,i,a,l,i,z,a,t,i,o,n,:, ,"""",C,o,n,d,o,s,"""",",", ,e,x,p,e,r,i,e,n,c,e,:, ,7,},",","
", , , , , , , , , , , , ,{,n,a,m,e,:, ,"""",G,a,b,r,i,e,l, ,R,i,c,h,a,r,d,s,o,n,"""",",", ,p,h,o,n,e,:, ,"""",(,5,5,5,), ,8,2,6,-,0,2,4,9,"""",",", ,s,p,e,c,i,a,l,i,z,a,t,i,o,n,:, ,"""",F,o,r,e,c,l,o,s,u,r,e,s,"""",",", ,e,x,p,e,r,i,e,n,c,e,:, ,1,3,},",","
", , , , , , , , , , , , ,{,n,a,m,e,:, ,"""",L,i,l,y, ,C,o,x,"""",",", ,p,h,o,n,e,:, ,"""",(,5,5,5,), ,9,3,7,-,1,3,5,0,"""",",", ,s,p,e,c,i,a,l,i,z,a,t,i,o,n,:, ,"""",N,e,w, ,C,o,n,s,t,r,u,c,t,i,o,n,"""",",", ,e,x,p,e,r,i,e,n,c,e,:, ,6,},",","
", , , , , , , , , , , , ,{,n,a,m,e,:, ,"""",C,a,l,e,b, ,H,o,w,a,r,d,"""",",", ,p,h,o,n,e,:, ,"""",(,5,5,5,), ,0,4,8,-,2,4,6,1,"""",",", ,s,p,e,c,i,a,l,i,z,a,t,i,o,n,:, ,"""",R,u,r,a,l, ,P,r,o,p,e,r,t,i,e,s,"""",",", ,e,x,p,e,r,i,e,n,c,e,:, ,1,7,},",","
", , , , , , , , , , , , ,{,n,a,m,e,:, ,"""",L,a,y,l,a, ,W,a,r,d,"""",",", ,p,h,o,n,e,:, ,"""",(,5,5,5,), ,1,7,1,-,4,6,8,3,"""",",", ,s,p,e,c,i,a,l,i,z,a,t,i,o,n,:, ,"""",R,e,s,i,d,e,n,t,i,a,l,"""",",", ,e,x,p,e,r,i,e,n,c,e,:, ,8,},",","
", , , , , , , , , , , , ,{,n,a,m,e,:, ,"""",J,u,l,i,a,n, ,T,o,r,r,e,s,"""",",", ,p,h,o,n,e,:, ,"""",(,5,5,5,), ,2,8,2,-,5,7,9,4,"""",",", ,s,p,e,c,i,a,l,i,z,a,t,i,o,n,:, ,"""",C,o,m,m,e,r,c,i,a,l,"""",",", ,e,x,p,e,r,i,e,n,c,e,:, ,1,1,},",","
", , , , , , , , , , , , ,{,n,a,m,e,:, ,"""",Z,o,e, ,P,e,t,e,r,s,o,n,"""",",", ,p,h,o,n,e,:, ,"""",(,5,5,5,), ,3,9,3,-,6,8,0,5,"""",",", ,s,p,e,c,i,a,l,i,z,a,t,i,o,n,:, ,"""",L,u,x,u,r,y, ,H,o,m,e,s,"""",",", ,e,x,p,e,r,i,e,n,c,e,:, ,2,0,},",","
", , , , , , , , , , , , ,{,n,a,m,e,:, ,"""",C,o,n,n,o,r, ,G,r,a,y,"""",",", ,p,h,o,n,e,:, ,"""",(,5,5,5,), ,5,0,4,-,7,9,1,6,"""",",", ,s,p,e,c,i,a,l,i,z,a,t,i,o,n,:, ,"""",F,i,r,s,t,-,T,i,m,e, ,B,u,y,e,r,s,"""",",", ,e,x,p,e,r,i,e,n,c,e,:, ,5,},",","
", , , , , , , , , , , , ,{,n,a,m,e,:, ,"""",M,a,d,e,l,y,n, ,R,a,m,i,r,e,z,"""",",", ,p,h,o,n,e,:, ,"""",(,5,5,5,), ,6,1,5,-,8,0,2,7,"""",",", ,s,p,e,c,i,a,l,i,z,a,t,i,o,n,:, ,"""",I,n,v,e,s,t,m,e,n,t, ,P,r,o,p,e,r,t,i,e,s,"""",",", ,e,x,p,e,r,i,e,n,c,e,:, ,1,4,},",","
", , , , , , , , , , , , ,{,n,a,m,e,:, ,"""",L,i,n,c,o,l,n, ,J,a,m,e,s,"""",",", ,p,h,o,n,e,:, ,"""",(,5,5,5,), ,7,2,6,-,9,1,3,8,"""",",", ,s,p,e,c,i,a,l,i,z,a,t,i,o,n,:, ,"""",V,a,c,a,t,i,o,n, ,R,e,n,t,a,l,s,"""",",", ,e,x,p,e,r,i,e,n,c,e,:, ,7,},",","
", , , , , , , , , , , , ,{,n,a,m,e,:, ,"""",A,u,b,r,e,y, ,W,a,t,s,o,n,"""",",", ,p,h,o,n,e,:, ,"""",(,5,5,5,), ,8,3,7,-,0,2,4,9,"""",",", ,s,p,e,c,i,a,l,i,z,a,t,i,o,n,:, ,"""",C,o,n,d,o,s,"""",",", ,e,x,p,e,r,i,e,n,c,e,:, ,1,0,},",","
", , , , , , , , , , , , ,{,n,a,m,e,:, ,"""",C,a,m,e,r,o,n, ,B,r,o,o,k,s,"""",",", ,p,h,o,n,e,:, ,"""",(,5,5,5,), ,9,4,8,-,1,3,5,0,"""",",", ,s,p,e,c,i,a,l,i,z,a,t,i,o,n,:, ,"""",F,o,r,e,c,l,o,s,u,r,e,s,"""",",", ,e,x,p,e,r,i,e,n,c,e,:, ,1,2,},",","
", , , , , , , , , , , , ,{,n,a,m,e,:, ,"""",A,u,t,u,m,n, ,K,e,l,l,y,"""",",", ,p,h,o,n,e,:, ,"""",(,5,5,5,), ,0,5,9,-,2,4,6,1,"""",",", ,s,p,e,c,i,a,l,i,z,a,t,i,o,n,:, ,"""",N,e,w, ,C,o,n,s,t,r,u,c,t,i,o,n,"""",",", ,e,x,p,e,r,i,e,n,c,e,:, ,8,},",","
", , , , , , , , , , , , ,{,n,a,m,e,:, ,"""",L,a,n,d,o,n, ,S,a,n,d,e,r,s,"""",",", ,p,h,o,n,e,:, ,"""",(,5,5,5,), ,1,6,0,-,3,5,7,2,"""",",", ,s,p,e,c,i,a,l,i,z,a,t,i,o,n,:, ,"""",R,u,r,a,l, ,P,r,o,p,e,r,t,i,e,s,"""",",", ,e,x,p,e,r,i,e,n,c,e,:, ,1,6,},",","
", , , , , , , , , , , , ,{,n,a,m,e,:, ,"""",B,e,l,l,a, ,P,r,i,c,e,"""",",", ,p,h,o,n,e,:, ,"""",(,5,5,5,), ,2,7,1,-,4,6,8,3,"""",",", ,s,p,e,c,i,a,l,i,z,a,t,i,o,n,:, ,"""",R,e,s,i,d,e,n,t,i,a,l,"""",",", ,e,x,p,e,r,i,e,n,c,e,:, ,6,},",","
", , , , , , , , , , , , ,{,n,a,m,e,:, ,"""",J,e,r,e,m,i,a,h, ,B,e,n,n,e,t,t,"""",",", ,p,h,o,n,e,:, ,"""",(,5,5,5,), ,3,8,2,-,5,7,9,4,"""",",", ,s,p,e,c,i,a,l,i,z,a,t,i,o,n,:, ,"""",C,o,m,m,e,r,c,i,a,l,"""",",", ,e,x,p,e,r,i,e,n,c,e,:, ,1,3,},",","
", , , , , , , , , , , , ,{,n,a,m,e,:, ,"""",S,a,v,a,n,n,a,h, ,W,o,o,d,"""",",", ,p,h,o,n,e,:, ,"""",(,5,5,5,), ,4,9,3,-,6,8,0,5,"""",",", ,s,p,e,c,i,a,l,i,z,a,t,i,o,n,:, ,"""",L,u,x,u,r,y, ,H,o,m,e,s,"""",",", ,e,x,p,e,r,i,e,n,c,e,:, ,1,8,},",","
", , , , , , , , , , , , ,{,n,a,m,e,:, ,"""",E,a,s,t,o,n, ,B,a,r,n,e,s,"""",",", ,p,h,o,n,e,:, ,"""",(,5,5,5,), ,5,0,4,-,7,9,1,6,"""",",", ,s,p,e,c,i,a,l,i,z,a,t,i,o,n,:, ,"""",F,i,r,s,t,-,T,i,m,e, ,B,u,y,e,r,s,"""",",", ,e,x,p,e,r,i,e,n,c,e,:, ,4,},",","
", , , , , , , , , , , , ,{,n,a,m,e,:, ,"""",A,r,i,a,n,n,a, ,R,o,s,s,"""",",", ,p,h,o,n,e,:, ,"""",(,5,5,5,), ,6,1,5,-,8,0,2,7,"""",",", ,s,p,e,c,i,a,l,i,z,a,t,i,o,n,:, ,"""",I,n,v,e,s,t,m,e,n,t, ,P,r,o,p,e,r,t,i,e,s,"""",",", ,e,x,p,e,r,i,e,n,c,e,:, ,1,5,},",","
", , , , , , , , , , , , ,{,n,a,m,e,:, ,"""",R,o,b,e,r,t, ,H,e,n,d,e,r,s,o,n,"""",",", ,p,h,o,n,e,:, ,"""",(,5,5,5,), ,7,2,6,-,9,1,3,8,"""",",", ,s,p,e,c,i,a,l,i,z,a,t,i,o,n,:, ,"""",V,a,c,a,t,i,o,n, ,R,e,n,t,a,l,s,"""",",", ,e,x,p,e,r,i,e,n,c,e,:, ,9,},",","
", , , , , , , , , , , , ,{,n,a,m,e,:, ,"""",V,a,l,e,n,t,i,n,a, ,C,o,l,e,m,a,n,"""",",", ,p,h,o,n,e,:, ,"""",(,5,5,5,), ,8,3,7,-,0,2,4,9,"""",",", ,s,p,e,c,i,a,l,i,z,a,t,i,o,n,:, ,"""",C,o,n,d,o,s,"""",",", ,e,x,p,e,r,i,e,n,c,e,:, ,1,1,},",","
", , , , , , , , ,{,n,a,m,e,:, ,"""",A,x,e,l, ,J,e,n,k,i,n,s,"""",",", ,p,h,o,n,e,:, ,"""",(,5,5,5,), ,9,4,8,-,1,3,5,0,"""",",", ,s,p,e,c,i,a,l,i,z,a,t,i,o,n,:, ,"""",F,o,r,e,c,l,o,s,u,r,e,s,"""",",", ,e,x,p,e,r,i,e,n,c,e,:, ,1,4,},",","
", , , , , , , , ,{,n,a,m,e,:, ,"""",W,i,l,l,o,w, ,P,e,r,r,y,"""",",", ,p,h,o,n,e,:, ,"""",(,5,5,5,), ,0,5,9,-,2,4,6,1,"""",",", ,s,p,e,c,i,a,l,i,z,a,t,i,o,n,:, ,"""",N,e,w, ,C,o,n,s,t,r,u,c,t,i,o,n,"""",",", ,e,x,p,e,r,i,e,n,c,e,:, ,7,},",","
", , , , , , , , ,{,n,a,m,e,:, ,"""",G,r,a,y,s,o,n, ,P,o,w,e,l,l,"""",",", ,p,h,o,n,e,:, ,"""",(,5,5,5,), ,1,6,0,-,3,5,7,2,"""",",", ,s,p,e,c,i,a,l,i,z,a,t,i,o,n,:, ,"""",R,u,r,a,l, ,P,r,o,p,e,r,t,i,e,s,"""",",", ,e,x,p,e,r,i,e,n,c,e,:, ,1,9,},",","
", , , , , , , , ,{,n,a,m,e,:, ,"""",R,u,b,y, ,L,o,n,g,"""",",", ,p,h,o,n,e,:, ,"""",(,5,5,5,), ,2,7,1,-,4,6,8,3,"""",",", ,s,p,e,c,i,a,l,i,z,a,t,i,o,n,:, ,"""",R,e,s,i,d,e,n,t,i,a,l,"""",",", ,e,x,p,e,r,i,e,n,c,e,:, ,5,},",","
", , , , , , , , ,{,n,a,m,e,:, ,"""",L,e,o, ,B,u,t,l,e,r,"""",",", ,p,h,o,n,e,:, ,"""",(,5,5,5,), ,3,8,2,-,5,7,9,4,"""",",", ,s,p,e,c,i,a,l,i,z,a,t,i,o,n,:, ,"""",C,o,m,m,e,r,c,i,a,l,"""",",", ,e,x,p,e,r,i,e,n,c,e,:, ,1,2,},",","
", , , , , , , , ,{,n,a,m,e,:, ,"""",I,v,y, ,S,i,m,m,o,n,s,"""",",", ,p,h,o,n,e,:, ,"""",(,5,5,5,), ,4,9,3,-,6,8,0,5,"""",",", ,s,p,e,c,i,a,l,i,z,a,t,i,o,n,:, ,"""",L,u,x,u,r,y, ,H,o,m,e,s,"""",",", ,e,x,p,e,r,i,e,n,c,e,:, ,2,0,},",","
", , , , , , , , ,{,n,a,m,e,:, ,"""",H,u,d,s,o,n, ,F,o,s,t,e,r,"""",",", ,p,h,o,n,e,:, ,"""",(,5,5,5,), ,5,0,4,-,7,9,1,6,"""",",", ,s,p,e,c,i,a,l,i,z,a,t,i,o,n,:, ,"""",F,i,r,s,t,-,T,i,m,e, ,B,u,y,e,r,s,"""",",", ,e,x,p,e,r,i,e,n,c,e,:, ,6,},",","
", , , , , , , , ,{,n,a,m,e,:, ,"""",E,m,i,l,i,a, ,W,a,s,h,i,n,g,t,o,n,"""",",", ,p,h,o,n,e,:, ,"""",(,5,5,5,), ,6,1,5,-,8,0,2,7,"""",",", ,s,p,e,c,i,a,l,i,z,a,t,i,o,n,:, ,"""",I,n,v,e,s,t,m,e,n,t, ,P,r,o,p,e,r,t,i,e,s,"""",",", ,e,x,p,e,r,i,e,n,c,e,:, ,1,5,},",","
", , , , , , , , ,{,n,a,m,e,:, ,"""",E,z,r,a, ,G,o,n,z,a,l,e,s,"""",",", ,p,h,o,n,e,:, ,"""",(,5,5,5,), ,7,2,6,-,9,1,3,8,"""",",", ,s,p,e,c,i,a,l,i,z,a,t,i,o,n,:, ,"""",V,a,c,a,t,i,o,n, ,R,e,n,t,a,l,s,"""",",", ,e,x,p,e,r,i,e,n,c,e,:, ,8,},",","
", , , , , , , , ,{,n,a,m,e,:, ,"""",S,t,e,l,l,a, ,B,r,y,a,n,t,"""",",", ,p,h,o,n,e,:, ,"""",(,5,5,5,), ,8,3,7,-,0,2,4,9,"""",",", ,s,p,e,c,i,a,l,i,z,a,t,i,o,n,:, ,"""",C,o,n,d,o,s,"""",",", ,e,x,p,e,r,i,e,n,c,e,:, ,1,0,},",","
", , , , , , , , ,{,n,a,m,e,:, ,"""",L,u,c,a, ,A,l,e,x,a,n,d,e,r,"""",",", ,p,h,o,n,e,:, ,"""",(,5,5,5,), ,9,4,8,-,1,3,5,0,"""",",", ,s,p,e,c,i,a,l,i,z,a,t,i,o,n,:, ,"""",F,o,r,e,c,l,o,s,u,r,e,s,"""",",", ,e,x,p,e,r,i,e,n,c,e,:, ,1,3,},",","
", , , , , , , , ,{,n,a,m,e,:, ,"""",N,o,v,a, ,R,u,s,s,e,l,l,"""",",", ,p,h,o,n,e,:, ,"""",(,5,5,5,), ,0,5,9,-,2,4,6,1,"""",",", ,s,p,e,c,i,a,l,i,z,a,t,i,o,n,:, ,"""",N,e,w, ,C,o,n,s,t,r,u,c,t,i,o,n,"""",",", ,e,x,p,e,r,i,e,n,c,e,:, ,7,},",","
", , , , , , , , ,{,n,a,m,e,:, ,"""",K,a,i, ,G,r,i,f,f,i,n,"""",",", ,p,h,o,n,e,:, ,"""",(,5,5,5,), ,1,6,0,-,3,5,7,2,"""",",", ,s,p,e,c,i,a,l,i,z,a,t,i,o,n,:, ,"""",R,u,r,a,l, ,P,r,o,p,e,r,t,i,e,s,"""",",", ,e,x,p,e,r,i,e,n,c,e,:, ,1,7,},",","
", , , , , , , , ,{,n,a,m,e,:, ,"""",D,e,l,i,l,a,h, ,D,i,a,z,"""",",", ,p,h,o,n,e,:, ,"""",(,5,5,5,), ,2,7,1,-,4,6,8,3,"""",",", ,s,p,e,c,i,a,l,i,z,a,t,i,o,n,:, ,"""",R,e,s,i,d,e,n,t,i,a,l,"""",",", ,e,x,p,e,r,i,e,n,c,e,:, ,9,},",","
", , , , , , , , ,{,n,a,m,e,:, ,"""",S,i,l,a,s, ,H,a,y,e,s,"""",",", ,p,h,o,n,e,:, ,"""",(,5,5,5,), ,3,8,2,-,5,7,9,4,"""",",", ,s,p,e,c,i,a,l,i,z,a,t,i,o,n,:, ,"""",C,o,m,m,e,r,c,i,a,l,"""",",", ,e,x,p,e,r,i,e,n,c,e,:, ,1,1,},",","
", , , , , , , , ,{,n,a,m,e,:, ,"""",G,i,a,n,n,a, ,M,y,e,r,s,"""",",", ,p,h,o,n,e,:, ,"""",(,5,5,5,), ,4,9,3,-,6,8,0,5,"""",",", ,s,p,e,c,i,a,l,i,z,a,t,i,o,n,:, ,"""",L,u,x,u,r,y, ,H,o,m,e,s,"""",",", ,e,x,p,e,r,i,e,n,c,e,:, ,2,1,},",","
", , , , , , , , ,{,n,a,m,e,:, ,"""",L,e,v,i, ,F,o,r,d,"""",",", ,p,h,o,n,e,:, ,"""",(,5,5,5,), ,5,0,4,-,7,9,1,6,"""",",", ,s,p,e,c,i,a,l,i,z,a,t,i,o,n,:, ,"""",F,i,r,s,t,-,T,i,m,e, ,B,u,y,e,r,s,"""",",", ,e,x,p,e,r,i,e,n,c,e,:, ,4,},",","
", , , , , , , , ,{,n,a,m,e,:, ,"""",I,s,a,b,e,l,l,e, ,H,a,m,i,l,t,o,n,"""",",", ,p,h,o,n,e,:, ,"""",(,5,5,5,), ,6,1,5,-,8,0,2,7,"""",",", ,s,p,e,c,i,a,l,i,z,a,t,i,o,n,:, ,"""",I,n,v,e,s,t,m,e,n,t, ,P,r,o,p,e,r,t,i,e,s,"""",",", ,e,x,p,e,r,i,e,n,c,e,:, ,1,4,},",","
", , , , , , , , ,{,n,a,m,e,:, ,"""",A,s,h,e,r, ,G,r,a,h,a,m,"""",",", ,p,h,o,n,e,:, ,"""",(,5,5,5,), ,7,2,6,-,9,1,3,8,"""",",", ,s,p,e,c,i,a,l,i,z,a,t,i,o,n,:, ,"""",V,a,c,a,t,i,o,n, ,R,e,n,t,a,l,s,"""",",", ,e,x,p,e,r,i,e,n,c,e,:, ,8,},",","
", , , , , , , , ,{,n,a,m,e,:, ,"""",N,a,o,m,i, ,S,u,l,l,i,v,a,n,"""",",", ,p,h,o,n,e,:, ,"""",(,5,5,5,), ,8,3,7,-,0,2,4,9,"""",",", ,s,p,e,c,i,a,l,i,z,a,t,i,o,n,:, ,"""",C,o,n,d,o,s,"""",",", ,e,x,p,e,r,i,e,n,c,e,:, ,1,2,},",","
", , , , , , , , ,{,n,a,m,e,:, ,"""",E,l,i,a,s, ,W,a,l,l,a,c,e,"""",",", ,p,h,o,n,e,:, ,"""",(,5,5,5,), ,9,4,8,-,1,3,5,0,"""",",", ,s,p,e,c,i,a,l,i,z,a,t,i,o,n,:, ,"""",F,o,r,e,c,l,o,s,u,r,e,s,"""",",", ,e,x,p,e,r,i,e,n,c,e,:, ,1,5,},",","
", , , , , , , , ,{,n,a,m,e,:, ,"""",A,t,h,e,n,a, ,W,o,o,d,s,"""",",", ,p,h,o,n,e,:, ,"""",(,5,5,5,), ,0,5,9,-,2,4,6,1,"""",",", ,s,p,e,c,i,a,l,i,z,a,t,i,o,n,:, ,"""",N,e,w, ,C,o,n,s,t,r,u,c,t,i,o,n,"""",",", ,e,x,p,e,r,i,e,n,c,e,:, ,6,},",","
", , , , , , , , ,{,n,a,m,e,:, ,"""",H,a,r,r,i,s,o,n, ,W,e,s,t,"""",",", ,p,h,o,n,e,:, ,"""",(,5,5,5,), ,1,6,0,-,3,5,7,2,"""",",", ,s,p,e,c,i,a,l,i,z,a,t,i,o,n,:, ,"""",R,u,r,a,l, ,P,r,o,p,e,r,t,i,e,s,"""",",", ,e,x,p,e,r,i,e,n,c,e,:, ,1,8,},",","
", , , , , , , , ,{,n,a,m,e,:, ,"""",E,d,e,n, ,C,o,l,e,"""",",", ,p,h,o,n,e,:, ,"""",(,5,5,5,), ,2,7,1,-,4,6,8,3,"""",",", ,s,p,e,c,i,a,l,i,z,a,t,i,o,n,:, ,"""",R,e,s,i,d,e,n,t,i,a,l,"""",",", ,e,x,p,e,r,i,e,n,c,e,:, ,7,},",","
", , , , , , , , ,{,n,a,m,e,:, ,"""",N,o,l,a,n, ,H,a,w,k,i,n,s,"""",",", ,p,h,o,n,e,:, ,"""",(,5,5,5,), ,3,8,2,-,5,7,9,4,"""",",", ,s,p,e,c,i,a,l,i,z,a,t,i,o,n,:, ,"""",C,o,m,m,e,r,c,i,a,l,"""",",", ,e,x,p,e,r,i,e,n,c,e,:, ,1,3,},",","
", , , , , , , , ,{,n,a,m,e,:, ,"""",Z,u,r,i, ,S,n,y,d,e,r,"""",",", ,p,h,o,n,e,:, ,"""",(,5,5,5,), ,4,9,3,-,6,8,0,5,"""",",", ,s,p,e,c,i,a,l,i,z,a,t,i,o,n,:, ,"""",L,u,x,u,r,y, ,H,o,m,e,s,"""",",", ,e,x,p,e,r,i,e,n,c,e,:, ,1,9,},",","
", , , , , , , , ,{,n,a,m,e,:, ,"""",F,e,l,i,x, ,C,u,n,n,i,n,g,h,a,m,"""",",", ,p,h,o,n,e,:, ,"""",(,5,5,5,), ,5,0,4,-,7,9,1,6,"""",",", ,s,p,e,c,i,a,l,i,z,a,t,i,o,n,:, ,"""",F,i,r,s,t,-,T,i,m,e, ,B,u,y,e,r,s,"""",",", ,e,x,p,e,r,i,e,n,c,e,:, ,5,},",","
", , , , , , , , ,{,n,a,m,e,:, ,"""",T,o,m,m,y, ,M,c,r,o,s,k,e,y,"""",",", ,p,h,o,n,e,:, ,"""",(,5,5,5,), ,6,1,5,-,8,0,2,7,"""",",", ,s,p,e,c,i,a,l,i,z,a,t,i,o,n,:, ,"""",I,n,v,e,s,t,m,e,n,t, ,P,r,o,p,e,r,t,i,e,s,"""",",", ,e,x,p,e,r,i,e,n,c,e,:, ,1,6,},",","
", , , , , , , , ,{,n,a,m,e,:, ,"""",A,t,l,a,s, ,R,e,e,v,e,s,"""",",", ,p,h,o,n,e,:, ,"""",(,5,5,5,), ,7,2,6,-,9,1,3,8,"""",",", ,s,p,e,c,i,a,l,i,z,a,t,i,o,n,:, ,"""",V,a,c,a,t,i,o,n, ,R,e,n,t,a,l,s,"""",",", ,e,x,p,e,r,i,e,n,c,e,:, ,9,},",","
", , , , , , , , ,{,n,a,m,e,:, ,"""",M,i,l,a, ,B,u,r,n,s,"""",",", ,p,h,o,n,e,:, ,"""",(,5,5,5,), ,8,3,7,-,0,2,4,9,"""",",", ,s,p,e,c,i,a,l,i,z,a,t,i,o,n,:, ,"""",C,o,n,d,o,s,"""",",", ,e,x,p,e,r,i,e,n,c,e,:, ,1,1,},",","
", , , , , , , , ,{,n,a,m,e,:, ,"""",A,t,t,i,c,u,s, ,G,o,r,d,o,n,"""",",", ,p,h,o,n,e,:, ,"""",(,5,5,5,), ,9,4,8,-,1,3,5,0,"""",",", ,s,p,e,c,i,a,l,i,z,a,t,i,o,n,:, ,"""",F,o,r,e,c,l,o,s,u,r,e,s,"""",",", ,e,x,p,e,r,i,e,n,c,e,:, ,1,4,},",","
", , , , , , , , ,{,n,a,m,e,:, ,"""",E,l,l,i,a,n,a, ,W,a,t,k,i,n,s,"""",",", ,p,h,o,n,e,:, ,"""",(,5,5,5,), ,0,5,9,-,2,4,6,1,"""",",", ,s,p,e,c,i,a,l,i,z,a,t,i,o,n,:, ,"""",N,e,w, ,C,o,n,s,t,r,u,c,t,i,o,n,"""",",", ,e,x,p,e,r,i,e,n,c,e,:, ,8,},",","
", , , , , , , , ,{,n,a,m,e,:, ,"""",R,i,v,e,r, ,N,i,c,h,o,l,s,"""",",", ,p,h,o,n,e,:, ,"""",(,5,5,5,), ,1,6,0,-,3,5,7,2,"""",",", ,s,p,e,c,i,a,l,i,z,a,t,i,o,n,:, ,"""",R,u,r,a,l, ,P,r,o,p,e,r,t,i,e,s,"""",",", ,e,x,p,e,r,i,e,n,c,e,:, ,1,7,},",","
", , , , , , , , ,{,n,a,m,e,:, ,"""",A,u,r,o,r,a, ,O,l,s,o,n,"""",",", ,p,h,o,n,e,:, ,"""",(,5,5,5,), ,2,7,1,-,4,6,8,3,"""",",", ,s,p,e,c,i,a,l,i,z,a,t,i,o,n,:, ,"""",R,e,s,i,d,e,n,t,i,a,l,"""",",", ,e,x,p,e,r,i,e,n,c,e,:, ,6,},"
", , , , ,],;,"
","
", , , , ,/,/, ,P,o,p,u,l,a,t,e, ,t,h,e, ,t,a,b,l,e, ,w,i,t,h, ,t,h,e, ,f,i,x,e,d, ,d,a,t,a,"
", , , , ,$,(,d,o,c,u,m,e,n,t,),.,r,e,a,d,y,(,f,u,n,c,t,i,o,n,(,), ,{,"
", , , , , , , , ,c,o,n,s,t, ,t,a,b,l,e, ,=, ,$,(,',#,r,e,a,l,t,o,r,T,a,b,l,e,',),.,D,a,t,a,T,a,b,l,e,(,{,"
", , , , , , , , , , , , ,d,a,t,a,:, ,r,e,a,l,t,o,r,s,",","
", , , , , , , , , , , , ,c,o,l,u,m,n,s,:, ,[,"
", , , , , , , , , , , , , , , , ,{, ,d,a,t,a,:, ,',n,a,m,e,', ,},",","
", , , , , , , , , , , , , , , , ,{, ,d,a,t,a,:, ,',p,h,o,n,e,', ,},",","
", , , , , , , , , , , , , , , , ,{, ,d,a,t,a,:, ,',s,p,e,c,i,a,l,i,z,a,t,i,o,n,', ,},",","
", , , , , , , , , , , , , , , , ,{, ,d,a,t,a,:, ,',e,x,p,e,r,i,e,n,c,e,',",", ,r,e,n,d,e,r,:, ,f,u,n,c,t,i,o,n,(,d,a,t,a,), ,{, ,r,e,t,u,r,n, ,d,a,t,a, ,+, ,', ,y,e,a,r,s,',;, ,}, ,},"
", , , , , , , , , , , , ,],",","
", , , , , , , , , , , , ,p,a,g,e,L,e,n,g,t,h,:, ,1,0,",","
", , , , , , , , , , , , ,l,e,n,g,t,h,M,e,n,u,:, ,[,[,1,0,",", ,2,5,",", ,5,0,",", ,-,1,],",", ,[,1,0,",", ,2,5,",", ,5,0,",", ,"""",A,l,l,"""",],],"
", , , , , , , , ,},),;,"
", , , , ,},),;,"
", , , , 
